{
  "ShieldColour": {
    "X": 0.97317225,
    "Y": 1.0,
    "Z": 0.69758064
  },
  "Version": 1
}